{
    "prepare_queue": {
        "installed": [],
        "uninstalled": []
    },
    "config_munge": {
        "files": {
            "config.xml": {
                "parents": {
                    "/*": [
                        {
                            "xml": "<feature name=\"BarcodeScanner\"><param name=\"browser-package\" value=\"BarcodeScanner\" /></feature>",
                            "count": 1
                        }
                    ]
                }
            }
        }
    },
    "installed_plugins": {
        "cordova-plugin-console": {
            "PACKAGE_NAME": "nl.mcpark.openaudioapp"
        },
        "cordova-plugin-dialogs": {
            "PACKAGE_NAME": "nl.mcpark.openaudioapp"
        },
        "cordova-plugin-whitelist": {
            "PACKAGE_NAME": "nl.mcpark.openaudioapp"
        },
        "phonegap-plugin-barcodescanner": {
            "PACKAGE_NAME": "nl.mcpark.openaudioapp"
        },
        "phonegap-plugin-push": {
            "SENDER_ID": "XXXXXXX",
            "PACKAGE_NAME": "nl.mcpark.openaudioapp"
        }
    },
    "dependent_plugins": {},
    "modules": [
        {
            "file": "plugins/cordova-plugin-dialogs/www/notification.js",
            "id": "cordova-plugin-dialogs.notification",
            "pluginId": "cordova-plugin-dialogs",
            "merges": [
                "navigator.notification"
            ]
        },
        {
            "file": "plugins/cordova-plugin-dialogs/www/browser/notification.js",
            "id": "cordova-plugin-dialogs.notification_browser",
            "pluginId": "cordova-plugin-dialogs",
            "merges": [
                "navigator.notification"
            ]
        },
        {
            "file": "plugins/phonegap-plugin-barcodescanner/www/barcodescanner.js",
            "id": "phonegap-plugin-barcodescanner.BarcodeScanner",
            "pluginId": "phonegap-plugin-barcodescanner",
            "clobbers": [
                "cordova.plugins.barcodeScanner"
            ]
        },
        {
            "file": "plugins/phonegap-plugin-barcodescanner/src/browser/BarcodeScannerProxy.js",
            "id": "phonegap-plugin-barcodescanner.BarcodeScannerProxy",
            "pluginId": "phonegap-plugin-barcodescanner",
            "runs": true
        },
        {
            "file": "plugins/phonegap-plugin-push/www/push.js",
            "id": "phonegap-plugin-push.PushNotification",
            "pluginId": "phonegap-plugin-push",
            "clobbers": [
                "PushNotification"
            ]
        },
        {
            "file": "plugins/phonegap-plugin-push/www/browser/push.js",
            "id": "phonegap-plugin-push.BrowserPush",
            "pluginId": "phonegap-plugin-push",
            "clobbers": [
                "PushNotification"
            ]
        }
    ],
    "plugin_metadata": {
        "cordova-plugin-console": "1.0.5",
        "cordova-plugin-dialogs": "1.2.1",
        "cordova-plugin-whitelist": "1.2.2",
        "phonegap-plugin-barcodescanner": "6.0.5",
        "phonegap-plugin-push": "1.8.4"
    }
}